<?xml version="1.0" encoding="UTF-8"?>
<project-private xmlns="http://www.netbeans.org/ns/project-private/1">
    <editor-bookmarks xmlns="http://www.netbeans.org/ns/editor-bookmarks/2" lastBookmarkId="0"/>
    <open-files xmlns="http://www.netbeans.org/ns/projectui-open-files/2">
        <group>
            <file>file:/C:/Users/ASO1002_00/Downloads/I.A-Area1-master/I.A-Area1-master/busca-cega-jogo/src/br/com/ia/view/buscas/BuscaEmProfundidade.java</file>
            <file>file:/C:/Users/ASO1002_00/Downloads/I.A-Area1-master/I.A-Area1-master/busca-cega-jogo/src/br/com/ia/view/nos/No.java</file>
            <file>file:/C:/Users/ASO1002_00/Downloads/I.A-Area1-master/I.A-Area1-master/busca-cega-jogo/src/br/com/ia/view/MainViewJogo.java</file>
        </group>
    </open-files>
</project-private>
